{
  "hash": "f9d4407b",
  "configHash": "2d1f0794",
  "lockfileHash": "ce1b7ff8",
  "browserHash": "13bb4e44",
  "optimized": {
    "@angular/cdk/bidi": {
      "src": "../../../../../../node_modules/@angular/cdk/fesm2022/bidi.mjs",
      "file": "@angular_cdk_bidi.js",
      "fileHash": "a57db76e",
      "needsInterop": false
    },
    "@angular/cdk/scrolling": {
      "src": "../../../../../../node_modules/@angular/cdk/fesm2022/scrolling.mjs",
      "file": "@angular_cdk_scrolling.js",
      "fileHash": "326547dd",
      "needsInterop": false
    },
    "@angular/cdk/text-field": {
      "src": "../../../../../../node_modules/@angular/cdk/fesm2022/text-field.mjs",
      "file": "@angular_cdk_text-field.js",
      "fileHash": "95023a7f",
      "needsInterop": false
    },
    "@angular/common": {
      "src": "../../../../../../node_modules/@angular/common/fesm2022/common.mjs",
      "file": "@angular_common.js",
      "fileHash": "bdec0cd0",
      "needsInterop": false
    },
    "@angular/common/http": {
      "src": "../../../../../../node_modules/@angular/common/fesm2022/http.mjs",
      "file": "@angular_common_http.js",
      "fileHash": "0f600cb2",
      "needsInterop": false
    },
    "@angular/core": {
      "src": "../../../../../../node_modules/@angular/core/fesm2022/core.mjs",
      "file": "@angular_core.js",
      "fileHash": "39a520cc",
      "needsInterop": false
    },
    "@angular/fire/app": {
      "src": "../../../../../../node_modules/@angular/fire/fesm2022/angular-fire-app.mjs",
      "file": "@angular_fire_app.js",
      "fileHash": "ed8e5623",
      "needsInterop": false
    },
    "@angular/fire/compat": {
      "src": "../../../../../../node_modules/@angular/fire/fesm2022/angular-fire-compat.mjs",
      "file": "@angular_fire_compat.js",
      "fileHash": "6019b25b",
      "needsInterop": false
    },
    "@angular/fire/compat/auth": {
      "src": "../../../../../../node_modules/@angular/fire/fesm2022/angular-fire-compat-auth.mjs",
      "file": "@angular_fire_compat_auth.js",
      "fileHash": "92963f37",
      "needsInterop": false
    },
    "@angular/fire/database": {
      "src": "../../../../../../node_modules/@angular/fire/fesm2022/angular-fire-database.mjs",
      "file": "@angular_fire_database.js",
      "fileHash": "439cc0ab",
      "needsInterop": false
    },
    "@angular/forms": {
      "src": "../../../../../../node_modules/@angular/forms/fesm2022/forms.mjs",
      "file": "@angular_forms.js",
      "fileHash": "3370c964",
      "needsInterop": false
    },
    "@angular/material/button": {
      "src": "../../../../../../node_modules/@angular/material/fesm2022/button.mjs",
      "file": "@angular_material_button.js",
      "fileHash": "7c1d6705",
      "needsInterop": false
    },
    "@angular/material/chips": {
      "src": "../../../../../../node_modules/@angular/material/fesm2022/chips.mjs",
      "file": "@angular_material_chips.js",
      "fileHash": "830fb3fa",
      "needsInterop": false
    },
    "@angular/material/core": {
      "src": "../../../../../../node_modules/@angular/material/fesm2022/core.mjs",
      "file": "@angular_material_core.js",
      "fileHash": "099f4706",
      "needsInterop": false
    },
    "@angular/material/datepicker": {
      "src": "../../../../../../node_modules/@angular/material/fesm2022/datepicker.mjs",
      "file": "@angular_material_datepicker.js",
      "fileHash": "7ae55066",
      "needsInterop": false
    },
    "@angular/material/form-field": {
      "src": "../../../../../../node_modules/@angular/material/fesm2022/form-field.mjs",
      "file": "@angular_material_form-field.js",
      "fileHash": "fcc2ae73",
      "needsInterop": false
    },
    "@angular/material/input": {
      "src": "../../../../../../node_modules/@angular/material/fesm2022/input.mjs",
      "file": "@angular_material_input.js",
      "fileHash": "f97eca7a",
      "needsInterop": false
    },
    "@angular/material/timepicker": {
      "src": "../../../../../../node_modules/@angular/material/fesm2022/timepicker.mjs",
      "file": "@angular_material_timepicker.js",
      "fileHash": "40711bb1",
      "needsInterop": false
    },
    "@angular/platform-browser": {
      "src": "../../../../../../node_modules/@angular/platform-browser/fesm2022/platform-browser.mjs",
      "file": "@angular_platform-browser.js",
      "fileHash": "ebd10ccf",
      "needsInterop": false
    },
    "@angular/platform-browser/animations/async": {
      "src": "../../../../../../node_modules/@angular/platform-browser/fesm2022/animations/async.mjs",
      "file": "@angular_platform-browser_animations_async.js",
      "fileHash": "e838b617",
      "needsInterop": false
    },
    "@angular/router": {
      "src": "../../../../../../node_modules/@angular/router/fesm2022/router.mjs",
      "file": "@angular_router.js",
      "fileHash": "3a9a916d",
      "needsInterop": false
    },
    "firebase/app": {
      "src": "../../../../../../node_modules/firebase/app/dist/esm/index.esm.js",
      "file": "firebase_app.js",
      "fileHash": "04911a16",
      "needsInterop": false
    },
    "firebase/auth": {
      "src": "../../../../../../node_modules/firebase/auth/dist/esm/index.esm.js",
      "file": "firebase_auth.js",
      "fileHash": "80ce9877",
      "needsInterop": false
    },
    "firebase/database": {
      "src": "../../../../../../node_modules/firebase/database/dist/esm/index.esm.js",
      "file": "firebase_database.js",
      "fileHash": "64c56b7e",
      "needsInterop": false
    },
    "rxjs": {
      "src": "../../../../../../node_modules/rxjs/dist/esm5/index.js",
      "file": "rxjs.js",
      "fileHash": "bba2ba4a",
      "needsInterop": false
    },
    "@angular/material/autocomplete": {
      "src": "../../../../../../node_modules/@angular/material/fesm2022/autocomplete.mjs",
      "file": "@angular_material_autocomplete.js",
      "fileHash": "a2f95bce",
      "needsInterop": false
    }
  },
  "chunks": {
    "index.esm-N5D4NPUR": {
      "file": "index__esm-N5D4NPUR.js"
    },
    "browser-YFPUJLSS": {
      "file": "browser-YFPUJLSS.js"
    },
    "chunk-NQ3GEWP7": {
      "file": "chunk-NQ3GEWP7.js"
    },
    "chunk-JUPFLLMO": {
      "file": "chunk-JUPFLLMO.js"
    },
    "chunk-NXOUAMNN": {
      "file": "chunk-NXOUAMNN.js"
    },
    "chunk-JQJXKPM6": {
      "file": "chunk-JQJXKPM6.js"
    },
    "chunk-JOROG7KI": {
      "file": "chunk-JOROG7KI.js"
    },
    "chunk-RJPZGZKR": {
      "file": "chunk-RJPZGZKR.js"
    },
    "chunk-V3VJFH6Z": {
      "file": "chunk-V3VJFH6Z.js"
    },
    "chunk-E4XGAHQI": {
      "file": "chunk-E4XGAHQI.js"
    },
    "chunk-5CNF3SU6": {
      "file": "chunk-5CNF3SU6.js"
    },
    "chunk-PRPAKZLK": {
      "file": "chunk-PRPAKZLK.js"
    },
    "chunk-TYQNNT7J": {
      "file": "chunk-TYQNNT7J.js"
    },
    "chunk-BBOH7ZW5": {
      "file": "chunk-BBOH7ZW5.js"
    },
    "chunk-QKUDQL7E": {
      "file": "chunk-QKUDQL7E.js"
    },
    "chunk-QS7AK2IU": {
      "file": "chunk-QS7AK2IU.js"
    },
    "chunk-ZEMQSPD4": {
      "file": "chunk-ZEMQSPD4.js"
    },
    "chunk-5QWGLGST": {
      "file": "chunk-5QWGLGST.js"
    },
    "chunk-EGN3SYDE": {
      "file": "chunk-EGN3SYDE.js"
    },
    "chunk-S2SNZHH3": {
      "file": "chunk-S2SNZHH3.js"
    },
    "chunk-7YYN53VX": {
      "file": "chunk-7YYN53VX.js"
    },
    "chunk-34S2NOO3": {
      "file": "chunk-34S2NOO3.js"
    },
    "chunk-4G4L2R7W": {
      "file": "chunk-4G4L2R7W.js"
    },
    "chunk-KMIJ66DN": {
      "file": "chunk-KMIJ66DN.js"
    },
    "chunk-O6ZNHPO2": {
      "file": "chunk-O6ZNHPO2.js"
    },
    "chunk-GDGDNGIT": {
      "file": "chunk-GDGDNGIT.js"
    },
    "chunk-IX35OQET": {
      "file": "chunk-IX35OQET.js"
    },
    "chunk-CP2HZSO2": {
      "file": "chunk-CP2HZSO2.js"
    },
    "chunk-KPIWZ6UH": {
      "file": "chunk-KPIWZ6UH.js"
    },
    "chunk-2O4WY5GE": {
      "file": "chunk-2O4WY5GE.js"
    },
    "chunk-2453SRPF": {
      "file": "chunk-2453SRPF.js"
    },
    "chunk-46L33RNY": {
      "file": "chunk-46L33RNY.js"
    },
    "chunk-5NOY7N2M": {
      "file": "chunk-5NOY7N2M.js"
    },
    "chunk-O6GG6Z3D": {
      "file": "chunk-O6GG6Z3D.js"
    },
    "chunk-JH7L34LG": {
      "file": "chunk-JH7L34LG.js"
    },
    "chunk-P4NYQYAK": {
      "file": "chunk-P4NYQYAK.js"
    },
    "chunk-TO2L3J6M": {
      "file": "chunk-TO2L3J6M.js"
    },
    "chunk-ZPA46XRE": {
      "file": "chunk-ZPA46XRE.js"
    },
    "chunk-JAPO5GTQ": {
      "file": "chunk-JAPO5GTQ.js"
    },
    "chunk-UFQEF2YE": {
      "file": "chunk-UFQEF2YE.js"
    },
    "chunk-NUUYPCC3": {
      "file": "chunk-NUUYPCC3.js"
    },
    "chunk-OPJDHPG3": {
      "file": "chunk-OPJDHPG3.js"
    },
    "chunk-IYEYSCYL": {
      "file": "chunk-IYEYSCYL.js"
    },
    "chunk-35ENWJA4": {
      "file": "chunk-35ENWJA4.js"
    }
  }
}